date,region,market,commodity,min_price,max_price,unit,source_pdf,page,table_title,row_number
2026-06-24,Dar es saalam,Tandale,"1 00,000",100000,100000,TZS per 100kg,"Bei ya bidhaa th  24  Juni  ,  ,2026 Imewekwa 24th Jun 2026",1,Dar es salaam,4
2026-06-24,Dar es saalam,Tandale,"2 20,000",230000,350000,TZS per 100kg,"Bei ya bidhaa th  24  Juni  ,  ,2026 Imewekwa 24th Jun 2026",1,Dar es salaam,4
2026-06-24,Dar es saalam,Tandale,"1 20,000",120000,130000,TZS per 100kg,"Bei ya bidhaa th  24  Juni  ,  ,2026 Imewekwa 24th Jun 2026",1,Dar es salaam,4
2026-06-24,Dar es saalam,Tandale,"1 00,000",110000,110000,TZS per 100kg,"Bei ya bidhaa th  24  Juni  ,  ,2026 Imewekwa 24th Jun 2026",1,Dar es salaam,4
2026-06-24,Dar es saalam,Tandale,"3 00,000",270000,270000,TZS per 100kg,"Bei ya bidhaa th  24  Juni  ,  ,2026 Imewekwa 24th Jun 2026",1,Dar es salaam,4
2026-06-24,Dar es saalam,Tandale,"1 60,000",160000,170000,TZS per 100kg,"Bei ya bidhaa th  24  Juni  ,  ,2026 Imewekwa 24th Jun 2026",1,Dar es salaam,4
2026-06-24,Dar es saalam,Tandale,"3 00,000",320000,360000,TZS per 100kg,"Bei ya bidhaa th  24  Juni  ,  ,2026 Imewekwa 24th Jun 2026",1,Dar es salaam,4
2026-06-24,Dar es saalam,Tandale,"1 00,000",80000,85000,TZS per 100kg,"Bei ya bidhaa th  24  Juni  ,  ,2026 Imewekwa 24th Jun 2026",1,Dar es salaam,4
2026-06-24,Dar es saalam,Ubungo,"2 20,000",220000,260000,TZS per 100kg,"Bei ya bidhaa th  24  Juni  ,  ,2026 Imewekwa 24th Jun 2026",1,Dar es salaam,5
2026-06-24,Dar es saalam,Ubungo,"3 00,000",330000,330000,TZS per 100kg,"Bei ya bidhaa th  24  Juni  ,  ,2026 Imewekwa 24th Jun 2026",1,Dar es salaam,5
2026-06-24,Dar es saalam,Ubungo,"1 00,000",65000,70000,TZS per 100kg,"Bei ya bidhaa th  24  Juni  ,  ,2026 Imewekwa 24th Jun 2026",1,Dar es salaam,5
2026-06-24,Dar es saalam,Mwananyamala,"1 00,000",110000,110000,TZS per 100kg,"Bei ya bidhaa th  24  Juni  ,  ,2026 Imewekwa 24th Jun 2026",1,Dar es salaam,6
2026-06-24,Dar es saalam,Mwananyamala,"2 20,000",220000,340000,TZS per 100kg,"Bei ya bidhaa th  24  Juni  ,  ,2026 Imewekwa 24th Jun 2026",1,Dar es salaam,6
2026-06-24,Dar es saalam,Mwananyamala,"1 20,000",120000,120000,TZS per 100kg,"Bei ya bidhaa th  24  Juni  ,  ,2026 Imewekwa 24th Jun 2026",1,Dar es salaam,6
2026-06-24,Dar es saalam,Mwananyamala,"1 00,000",110000,110000,TZS per 100kg,"Bei ya bidhaa th  24  Juni  ,  ,2026 Imewekwa 24th Jun 2026",1,Dar es salaam,6
2026-06-24,Dar es saalam,Mwananyamala,"3 00,000",300000,300000,TZS per 100kg,"Bei ya bidhaa th  24  Juni  ,  ,2026 Imewekwa 24th Jun 2026",1,Dar es salaam,6
2026-06-24,Dar es saalam,Mwananyamala,"1 60,000",160000,160000,TZS per 100kg,"Bei ya bidhaa th  24  Juni  ,  ,2026 Imewekwa 24th Jun 2026",1,Dar es salaam,6
2026-06-24,Dar es saalam,Mwananyamala,"3 00,000",320000,400000,TZS per 100kg,"Bei ya bidhaa th  24  Juni  ,  ,2026 Imewekwa 24th Jun 2026",1,Dar es salaam,6
2026-06-24,Dar es saalam,Mwananyamala,"1 00,000",80000,85000,TZS per 100kg,"Bei ya bidhaa th  24  Juni  ,  ,2026 Imewekwa 24th Jun 2026",1,Dar es salaam,6
2026-06-24,Dar es saalam,Buguruni,"1 00,000",100000,120000,TZS per 100kg,"Bei ya bidhaa th  24  Juni  ,  ,2026 Imewekwa 24th Jun 2026",1,Dar es salaam,7
2026-06-24,Dar es saalam,Buguruni,"2 20,000",230000,300000,TZS per 100kg,"Bei ya bidhaa th  24  Juni  ,  ,2026 Imewekwa 24th Jun 2026",1,Dar es salaam,7
2026-06-24,Dar es saalam,Buguruni,"1 20,000",150000,160000,TZS per 100kg,"Bei ya bidhaa th  24  Juni  ,  ,2026 Imewekwa 24th Jun 2026",1,Dar es salaam,7
2026-06-24,Dar es saalam,Buguruni,"1 00,000",130000,140000,TZS per 100kg,"Bei ya bidhaa th  24  Juni  ,  ,2026 Imewekwa 24th Jun 2026",1,Dar es salaam,7
2026-06-24,Dar es saalam,Buguruni,"3 00,000",300000,300000,TZS per 100kg,"Bei ya bidhaa th  24  Juni  ,  ,2026 Imewekwa 24th Jun 2026",1,Dar es salaam,7
2026-06-24,Dar es saalam,Buguruni,"1 60,000",150000,150000,TZS per 100kg,"Bei ya bidhaa th  24  Juni  ,  ,2026 Imewekwa 24th Jun 2026",1,Dar es salaam,7
2026-06-24,Dar es saalam,Buguruni,"3 00,000",280000,300000,TZS per 100kg,"Bei ya bidhaa th  24  Juni  ,  ,2026 Imewekwa 24th Jun 2026",1,Dar es salaam,7
2026-06-24,Dar es saalam,Buguruni,"1 00,000",95000,100000,TZS per 100kg,"Bei ya bidhaa th  24  Juni  ,  ,2026 Imewekwa 24th Jun 2026",1,Dar es salaam,7
2026-06-24,Kilimanjaro,Moshi,"1 00,000",90000,95000,TZS per 100kg,"Bei ya bidhaa th  24  Juni  ,  ,2026 Imewekwa 24th Jun 2026",1,Dar es salaam,8
2026-06-24,Kilimanjaro,Moshi,"2 20,000",200000,250000,TZS per 100kg,"Bei ya bidhaa th  24  Juni  ,  ,2026 Imewekwa 24th Jun 2026",1,Dar es salaam,8
2026-06-24,Kilimanjaro,Moshi,"1 20,000",130000,200000,TZS per 100kg,"Bei ya bidhaa th  24  Juni  ,  ,2026 Imewekwa 24th Jun 2026",1,Dar es salaam,8
2026-06-24,Kilimanjaro,Moshi,"1 00,000",120000,200000,TZS per 100kg,"Bei ya bidhaa th  24  Juni  ,  ,2026 Imewekwa 24th Jun 2026",1,Dar es salaam,8
2026-06-24,Kilimanjaro,Moshi,"3 00,000",220000,300000,TZS per 100kg,"Bei ya bidhaa th  24  Juni  ,  ,2026 Imewekwa 24th Jun 2026",1,Dar es salaam,8
2026-06-24,Kilimanjaro,Moshi,"1 60,000",150000,200000,TZS per 100kg,"Bei ya bidhaa th  24  Juni  ,  ,2026 Imewekwa 24th Jun 2026",1,Dar es salaam,8
2026-06-24,Kilimanjaro,Moshi,"3 00,000",200000,250000,TZS per 100kg,"Bei ya bidhaa th  24  Juni  ,  ,2026 Imewekwa 24th Jun 2026",1,Dar es salaam,8
2026-06-24,Kilimanjaro,Moshi,"1 00,000",90000,95000,TZS per 100kg,"Bei ya bidhaa th  24  Juni  ,  ,2026 Imewekwa 24th Jun 2026",1,Dar es salaam,8
2026-06-24,Singida,Namfua,"1 00,000",60000,60000,TZS per 100kg,"Bei ya bidhaa th  24  Juni  ,  ,2026 Imewekwa 24th Jun 2026",1,Dar es salaam,9
2026-06-24,Singida,Namfua,"2 20,000",250000,250000,TZS per 100kg,"Bei ya bidhaa th  24  Juni  ,  ,2026 Imewekwa 24th Jun 2026",1,Dar es salaam,9
2026-06-24,Singida,Namfua,"1 20,000",250000,250000,TZS per 100kg,"Bei ya bidhaa th  24  Juni  ,  ,2026 Imewekwa 24th Jun 2026",1,Dar es salaam,9
2026-06-24,Singida,Namfua,"1 00,000",200000,200000,TZS per 100kg,"Bei ya bidhaa th  24  Juni  ,  ,2026 Imewekwa 24th Jun 2026",1,Dar es salaam,9
2026-06-24,Singida,Namfua,"3 00,000",250000,250000,TZS per 100kg,"Bei ya bidhaa th  24  Juni  ,  ,2026 Imewekwa 24th Jun 2026",1,Dar es salaam,9
2026-06-24,Singida,Namfua,"1 60,000",200000,200000,TZS per 100kg,"Bei ya bidhaa th  24  Juni  ,  ,2026 Imewekwa 24th Jun 2026",1,Dar es salaam,9
2026-06-24,Singida,Namfua,"3 00,000",250000,250000,TZS per 100kg,"Bei ya bidhaa th  24  Juni  ,  ,2026 Imewekwa 24th Jun 2026",1,Dar es salaam,9
2026-06-24,Singida,Namfua,"1 00,000",100000,100000,TZS per 100kg,"Bei ya bidhaa th  24  Juni  ,  ,2026 Imewekwa 24th Jun 2026",1,Dar es salaam,9
2026-06-24,Arusha,Kilombero,"1 00,000",63000,72000,TZS per 100kg,"Bei ya bidhaa th  24  Juni  ,  ,2026 Imewekwa 24th Jun 2026",1,Dar es salaam,10
2026-06-24,Arusha,Kilombero,"2 20,000",245000,300000,TZS per 100kg,"Bei ya bidhaa th  24  Juni  ,  ,2026 Imewekwa 24th Jun 2026",1,Dar es salaam,10
2026-06-24,Arusha,Kilombero,"1 20,000",120000,160000,TZS per 100kg,"Bei ya bidhaa th  24  Juni  ,  ,2026 Imewekwa 24th Jun 2026",1,Dar es salaam,10
2026-06-24,Arusha,Kilombero,"1 00,000",110000,120000,TZS per 100kg,"Bei ya bidhaa th  24  Juni  ,  ,2026 Imewekwa 24th Jun 2026",1,Dar es salaam,10
2026-06-24,Arusha,Kilombero,"3 00,000",215000,250000,TZS per 100kg,"Bei ya bidhaa th  24  Juni  ,  ,2026 Imewekwa 24th Jun 2026",1,Dar es salaam,10
2026-06-24,Arusha,Kilombero,"1 60,000",160000,170000,TZS per 100kg,"Bei ya bidhaa th  24  Juni  ,  ,2026 Imewekwa 24th Jun 2026",1,Dar es salaam,10
2026-06-24,Arusha,Kilombero,"3 00,000",150000,230000,TZS per 100kg,"Bei ya bidhaa th  24  Juni  ,  ,2026 Imewekwa 24th Jun 2026",1,Dar es salaam,10
2026-06-24,Arusha,Kilombero,"1 00,000",80000,110000,TZS per 100kg,"Bei ya bidhaa th  24  Juni  ,  ,2026 Imewekwa 24th Jun 2026",1,Dar es salaam,10
2026-06-24,Dodoma,Majengo,"1 00,000",80000,90000,TZS per 100kg,"Bei ya bidhaa th  24  Juni  ,  ,2026 Imewekwa 24th Jun 2026",1,Dar es salaam,11
2026-06-24,Dodoma,Majengo,"2 20,000",250000,300000,TZS per 100kg,"Bei ya bidhaa th  24  Juni  ,  ,2026 Imewekwa 24th Jun 2026",1,Dar es salaam,11
2026-06-24,Dodoma,Majengo,"1 20,000",100000,120000,TZS per 100kg,"Bei ya bidhaa th  24  Juni  ,  ,2026 Imewekwa 24th Jun 2026",1,Dar es salaam,11
2026-06-24,Dodoma,Majengo,"1 00,000",80000,85000,TZS per 100kg,"Bei ya bidhaa th  24  Juni  ,  ,2026 Imewekwa 24th Jun 2026",1,Dar es salaam,11
2026-06-24,Dodoma,Majengo,"3 00,000",250000,270000,TZS per 100kg,"Bei ya bidhaa th  24  Juni  ,  ,2026 Imewekwa 24th Jun 2026",1,Dar es salaam,11
2026-06-24,Dodoma,Majengo,"1 60,000",150000,165000,TZS per 100kg,"Bei ya bidhaa th  24  Juni  ,  ,2026 Imewekwa 24th Jun 2026",1,Dar es salaam,11
2026-06-24,Dodoma,Majengo,"3 00,000",250000,280000,TZS per 100kg,"Bei ya bidhaa th  24  Juni  ,  ,2026 Imewekwa 24th Jun 2026",1,Dar es salaam,11
2026-06-24,Dodoma,Majengo,"1 00,000",65000,70000,TZS per 100kg,"Bei ya bidhaa th  24  Juni  ,  ,2026 Imewekwa 24th Jun 2026",1,Dar es salaam,11
2026-06-24,Morogoro,Morogoro,"1 00,000",60938,78000,TZS per 100kg,"Bei ya bidhaa th  24  Juni  ,  ,2026 Imewekwa 24th Jun 2026",1,Dar es salaam,12
2026-06-24,Morogoro,Morogoro,"2 20,000",250000,260000,TZS per 100kg,"Bei ya bidhaa th  24  Juni  ,  ,2026 Imewekwa 24th Jun 2026",1,Dar es salaam,12
2026-06-24,Morogoro,Morogoro,"1 20,000",150000,150000,TZS per 100kg,"Bei ya bidhaa th  24  Juni  ,  ,2026 Imewekwa 24th Jun 2026",1,Dar es salaam,12
2026-06-24,Morogoro,Morogoro,"1 00,000",120000,130000,TZS per 100kg,"Bei ya bidhaa th  24  Juni  ,  ,2026 Imewekwa 24th Jun 2026",1,Dar es salaam,12
2026-06-24,Morogoro,Morogoro,"3 00,000",160000,170000,TZS per 100kg,"Bei ya bidhaa th  24  Juni  ,  ,2026 Imewekwa 24th Jun 2026",1,Dar es salaam,12
2026-06-24,Morogoro,Morogoro,"1 60,000",200000,200000,TZS per 100kg,"Bei ya bidhaa th  24  Juni  ,  ,2026 Imewekwa 24th Jun 2026",1,Dar es salaam,12
2026-06-24,Morogoro,Morogoro,"3 00,000",220000,230000,TZS per 100kg,"Bei ya bidhaa th  24  Juni  ,  ,2026 Imewekwa 24th Jun 2026",1,Dar es salaam,12
2026-06-24,Morogoro,Morogoro,"1 00,000",105000,111100,TZS per 100kg,"Bei ya bidhaa th  24  Juni  ,  ,2026 Imewekwa 24th Jun 2026",1,Dar es salaam,12
2026-06-24,Mtwara,Mtwara Dc,"1 00,000",57000,57000,TZS per 100kg,"Bei ya bidhaa th  24  Juni  ,  ,2026 Imewekwa 24th Jun 2026",1,Dar es salaam,13
2026-06-24,Mtwara,Mtwara Dc,"2 20,000",160000,300000,TZS per 100kg,"Bei ya bidhaa th  24  Juni  ,  ,2026 Imewekwa 24th Jun 2026",1,Dar es salaam,13
2026-06-24,Mtwara,Mtwara Dc,"1 20,000",200000,200000,TZS per 100kg,"Bei ya bidhaa th  24  Juni  ,  ,2026 Imewekwa 24th Jun 2026",1,Dar es salaam,13
2026-06-24,Mtwara,Mtwara Dc,"1 00,000",400000,400000,TZS per 100kg,"Bei ya bidhaa th  24  Juni  ,  ,2026 Imewekwa 24th Jun 2026",1,Dar es salaam,13
2026-06-24,Mtwara,Mtwara Dc,"3 00,000",200000,200000,TZS per 100kg,"Bei ya bidhaa th  24  Juni  ,  ,2026 Imewekwa 24th Jun 2026",1,Dar es salaam,13
2026-06-24,Mtwara,Mtwara Dc,"1 60,000",300000,300000,TZS per 100kg,"Bei ya bidhaa th  24  Juni  ,  ,2026 Imewekwa 24th Jun 2026",1,Dar es salaam,13
2026-06-24,Mtwara,Mtwara Dc,"3 00,000",270000,270000,TZS per 100kg,"Bei ya bidhaa th  24  Juni  ,  ,2026 Imewekwa 24th Jun 2026",1,Dar es salaam,13
2026-06-24,Mtwara,Mtwara Dc,"1 00,000",100000,100000,TZS per 100kg,"Bei ya bidhaa th  24  Juni  ,  ,2026 Imewekwa 24th Jun 2026",1,Dar es salaam,13
2026-06-24,Lindi,Lindi mjini,"1 00,000",70000,80000,TZS per 100kg,"Bei ya bidhaa th  24  Juni  ,  ,2026 Imewekwa 24th Jun 2026",1,Dar es salaam,14
2026-06-24,Lindi,Lindi mjini,"2 20,000",220000,280000,TZS per 100kg,"Bei ya bidhaa th  24  Juni  ,  ,2026 Imewekwa 24th Jun 2026",1,Dar es salaam,14
2026-06-24,Lindi,Lindi mjini,"1 20,000",200000,250000,TZS per 100kg,"Bei ya bidhaa th  24  Juni  ,  ,2026 Imewekwa 24th Jun 2026",1,Dar es salaam,14
2026-06-24,Lindi,Lindi mjini,"1 00,000",280000,280000,TZS per 100kg,"Bei ya bidhaa th  24  Juni  ,  ,2026 Imewekwa 24th Jun 2026",1,Dar es salaam,14
2026-06-24,Lindi,Lindi mjini,"3 00,000",250000,300000,TZS per 100kg,"Bei ya bidhaa th  24  Juni  ,  ,2026 Imewekwa 24th Jun 2026",1,Dar es salaam,14
2026-06-24,Lindi,Lindi mjini,"1 60,000",350000,350000,TZS per 100kg,"Bei ya bidhaa th  24  Juni  ,  ,2026 Imewekwa 24th Jun 2026",1,Dar es salaam,14
2026-06-24,Lindi,Lindi mjini,"3 00,000",200000,250000,TZS per 100kg,"Bei ya bidhaa th  24  Juni  ,  ,2026 Imewekwa 24th Jun 2026",1,Dar es salaam,14
2026-06-24,Lindi,Lindi mjini,"1 00,000",130000,150000,TZS per 100kg,"Bei ya bidhaa th  24  Juni  ,  ,2026 Imewekwa 24th Jun 2026",1,Dar es salaam,14
2026-06-24,Iringa,Iringa,"1 00,000",40000,45000,TZS per 100kg,"Bei ya bidhaa th  24  Juni  ,  ,2026 Imewekwa 24th Jun 2026",1,Dar es salaam,15
2026-06-24,Iringa,Iringa,"2 20,000",180000,270000,TZS per 100kg,"Bei ya bidhaa th  24  Juni  ,  ,2026 Imewekwa 24th Jun 2026",1,Dar es salaam,15
2026-06-24,Iringa,Iringa,"1 20,000",150000,200000,TZS per 100kg,"Bei ya bidhaa th  24  Juni  ,  ,2026 Imewekwa 24th Jun 2026",1,Dar es salaam,15
2026-06-24,Iringa,Iringa,"1 00,000",180000,200000,TZS per 100kg,"Bei ya bidhaa th  24  Juni  ,  ,2026 Imewekwa 24th Jun 2026",1,Dar es salaam,15
2026-06-24,Iringa,Iringa,"3 00,000",200000,250000,TZS per 100kg,"Bei ya bidhaa th  24  Juni  ,  ,2026 Imewekwa 24th Jun 2026",1,Dar es salaam,15
2026-06-24,Iringa,Iringa,"1 60,000",170000,200000,TZS per 100kg,"Bei ya bidhaa th  24  Juni  ,  ,2026 Imewekwa 24th Jun 2026",1,Dar es salaam,15
2026-06-24,Iringa,Iringa,"3 00,000",210000,220000,TZS per 100kg,"Bei ya bidhaa th  24  Juni  ,  ,2026 Imewekwa 24th Jun 2026",1,Dar es salaam,15
2026-06-24,Iringa,Iringa,"1 00,000",98000,100000,TZS per 100kg,"Bei ya bidhaa th  24  Juni  ,  ,2026 Imewekwa 24th Jun 2026",1,Dar es salaam,15
2026-06-24,Mara,Musoma,"1 00,000",80000,95000,TZS per 100kg,"Bei ya bidhaa th  24  Juni  ,  ,2026 Imewekwa 24th Jun 2026",1,Dar es salaam,16
2026-06-24,Mara,Musoma,"2 20,000",190000,200000,TZS per 100kg,"Bei ya bidhaa th  24  Juni  ,  ,2026 Imewekwa 24th Jun 2026",1,Dar es salaam,16
2026-06-24,Mara,Musoma,"1 20,000",200000,260000,TZS per 100kg,"Bei ya bidhaa th  24  Juni  ,  ,2026 Imewekwa 24th Jun 2026",1,Dar es salaam,16
2026-06-24,Mara,Musoma,"1 00,000",180000,250000,TZS per 100kg,"Bei ya bidhaa th  24  Juni  ,  ,2026 Imewekwa 24th Jun 2026",1,Dar es salaam,16
2026-06-24,Mara,Musoma,"3 00,000",300000,320000,TZS per 100kg,"Bei ya bidhaa th  24  Juni  ,  ,2026 Imewekwa 24th Jun 2026",1,Dar es salaam,16
2026-06-24,Mara,Musoma,"1 60,000",200000,300000,TZS per 100kg,"Bei ya bidhaa th  24  Juni  ,  ,2026 Imewekwa 24th Jun 2026",1,Dar es salaam,16
2026-06-24,Mara,Musoma,"3 00,000",260000,320000,TZS per 100kg,"Bei ya bidhaa th  24  Juni  ,  ,2026 Imewekwa 24th Jun 2026",1,Dar es salaam,16
2026-06-24,Mara,Musoma,"1 00,000",140000,150000,TZS per 100kg,"Bei ya bidhaa th  24  Juni  ,  ,2026 Imewekwa 24th Jun 2026",1,Dar es salaam,16
2026-06-24,Tanga,Mgandini,"1 00,000",150000,150000,TZS per 100kg,"Bei ya bidhaa th  24  Juni  ,  ,2026 Imewekwa 24th Jun 2026",1,Dar es salaam,17
2026-06-24,Tanga,Mgandini,"2 20,000",280000,300000,TZS per 100kg,"Bei ya bidhaa th  24  Juni  ,  ,2026 Imewekwa 24th Jun 2026",1,Dar es salaam,17
2026-06-24,Tanga,Mgandini,"1 20,000",150000,150000,TZS per 100kg,"Bei ya bidhaa th  24  Juni  ,  ,2026 Imewekwa 24th Jun 2026",1,Dar es salaam,17
2026-06-24,Tanga,Mgandini,"1 00,000",200000,200000,TZS per 100kg,"Bei ya bidhaa th  24  Juni  ,  ,2026 Imewekwa 24th Jun 2026",1,Dar es salaam,17
2026-06-24,Tanga,Mgandini,"3 00,000",350000,350000,TZS per 100kg,"Bei ya bidhaa th  24  Juni  ,  ,2026 Imewekwa 24th Jun 2026",1,Dar es salaam,17
2026-06-24,Tanga,Mgandini,"1 60,000",200000,200000,TZS per 100kg,"Bei ya bidhaa th  24  Juni  ,  ,2026 Imewekwa 24th Jun 2026",1,Dar es salaam,17
2026-06-24,Tanga,Mgandini,"3 00,000",220000,240000,TZS per 100kg,"Bei ya bidhaa th  24  Juni  ,  ,2026 Imewekwa 24th Jun 2026",1,Dar es salaam,17
2026-06-24,Tanga,Mgandini,"1 00,000",100000,150000,TZS per 100kg,"Bei ya bidhaa th  24  Juni  ,  ,2026 Imewekwa 24th Jun 2026",1,Dar es salaam,17
2026-06-24,Songwe,Songwe,"1 00,000",44000,44400,TZS per 100kg,"Bei ya bidhaa th  24  Juni  ,  ,2026 Imewekwa 24th Jun 2026",1,Dar es salaam,18
2026-06-24,Songwe,Songwe,"2 20,000",170000,180000,TZS per 100kg,"Bei ya bidhaa th  24  Juni  ,  ,2026 Imewekwa 24th Jun 2026",1,Dar es salaam,18
2026-06-24,Songwe,Songwe,"1 20,000",240000,240000,TZS per 100kg,"Bei ya bidhaa th  24  Juni  ,  ,2026 Imewekwa 24th Jun 2026",1,Dar es salaam,18
2026-06-24,Songwe,Songwe,"1 00,000",220000,220000,TZS per 100kg,"Bei ya bidhaa th  24  Juni  ,  ,2026 Imewekwa 24th Jun 2026",1,Dar es salaam,18
2026-06-24,Songwe,Songwe,"3 00,000",230000,230000,TZS per 100kg,"Bei ya bidhaa th  24  Juni  ,  ,2026 Imewekwa 24th Jun 2026",1,Dar es salaam,18
2026-06-24,Songwe,Songwe,"1 60,000",200000,200000,TZS per 100kg,"Bei ya bidhaa th  24  Juni  ,  ,2026 Imewekwa 24th Jun 2026",1,Dar es salaam,18
2026-06-24,Songwe,Songwe,"3 00,000",180000,180000,TZS per 100kg,"Bei ya bidhaa th  24  Juni  ,  ,2026 Imewekwa 24th Jun 2026",1,Dar es salaam,18
2026-06-24,Songwe,Songwe,"1 00,000",100000,120000,TZS per 100kg,"Bei ya bidhaa th  24  Juni  ,  ,2026 Imewekwa 24th Jun 2026",1,Dar es salaam,18
2026-06-24,Tabora,Tabora,"1 00,000",55000,60000,TZS per 100kg,"Bei ya bidhaa th  24  Juni  ,  ,2026 Imewekwa 24th Jun 2026",1,Dar es salaam,19
2026-06-24,Tabora,Tabora,"2 20,000",190000,220000,TZS per 100kg,"Bei ya bidhaa th  24  Juni  ,  ,2026 Imewekwa 24th Jun 2026",1,Dar es salaam,19
2026-06-24,Tabora,Tabora,"1 20,000",170000,200000,TZS per 100kg,"Bei ya bidhaa th  24  Juni  ,  ,2026 Imewekwa 24th Jun 2026",1,Dar es salaam,19
2026-06-24,Tabora,Tabora,"1 00,000",150000,200000,TZS per 100kg,"Bei ya bidhaa th  24  Juni  ,  ,2026 Imewekwa 24th Jun 2026",1,Dar es salaam,19
2026-06-24,Tabora,Tabora,"3 00,000",200000,210000,TZS per 100kg,"Bei ya bidhaa th  24  Juni  ,  ,2026 Imewekwa 24th Jun 2026",1,Dar es salaam,19
2026-06-24,Tabora,Tabora,"1 60,000",280000,300000,TZS per 100kg,"Bei ya bidhaa th  24  Juni  ,  ,2026 Imewekwa 24th Jun 2026",1,Dar es salaam,19
2026-06-24,Tabora,Tabora,"3 00,000",210000,220000,TZS per 100kg,"Bei ya bidhaa th  24  Juni  ,  ,2026 Imewekwa 24th Jun 2026",1,Dar es salaam,19
2026-06-24,Tabora,Tabora,"1 00,000",110000,120000,TZS per 100kg,"Bei ya bidhaa th  24  Juni  ,  ,2026 Imewekwa 24th Jun 2026",1,Dar es salaam,19
2026-06-24,Geita,Nyankumbu,"1 00,000",95000,95000,TZS per 100kg,"Bei ya bidhaa th  24  Juni  ,  ,2026 Imewekwa 24th Jun 2026",1,Dar es salaam,20
2026-06-24,Geita,Nyankumbu,"2 20,000",220000,220000,TZS per 100kg,"Bei ya bidhaa th  24  Juni  ,  ,2026 Imewekwa 24th Jun 2026",1,Dar es salaam,20
2026-06-24,Geita,Nyankumbu,"1 20,000",150000,150000,TZS per 100kg,"Bei ya bidhaa th  24  Juni  ,  ,2026 Imewekwa 24th Jun 2026",1,Dar es salaam,20
2026-06-24,Geita,Nyankumbu,"1 00,000",200000,200000,TZS per 100kg,"Bei ya bidhaa th  24  Juni  ,  ,2026 Imewekwa 24th Jun 2026",1,Dar es salaam,20
2026-06-24,Geita,Nyankumbu,"3 00,000",180000,180000,TZS per 100kg,"Bei ya bidhaa th  24  Juni  ,  ,2026 Imewekwa 24th Jun 2026",1,Dar es salaam,20
2026-06-24,Geita,Nyankumbu,"1 60,000",180000,180000,TZS per 100kg,"Bei ya bidhaa th  24  Juni  ,  ,2026 Imewekwa 24th Jun 2026",1,Dar es salaam,20
2026-06-24,Geita,Nyankumbu,"3 00,000",320000,320000,TZS per 100kg,"Bei ya bidhaa th  24  Juni  ,  ,2026 Imewekwa 24th Jun 2026",1,Dar es salaam,20
2026-06-24,Geita,Nyankumbu,"1 00,000",100000,100000,TZS per 100kg,"Bei ya bidhaa th  24  Juni  ,  ,2026 Imewekwa 24th Jun 2026",1,Dar es salaam,20
2026-06-24,Kagera,Bukoba,"1 00,000",80000,90000,TZS per 100kg,"Bei ya bidhaa th  24  Juni  ,  ,2026 Imewekwa 24th Jun 2026",1,Dar es salaam,21
2026-06-24,Kagera,Bukoba,"2 20,000",160000,280000,TZS per 100kg,"Bei ya bidhaa th  24  Juni  ,  ,2026 Imewekwa 24th Jun 2026",1,Dar es salaam,21
2026-06-24,Kagera,Bukoba,"1 20,000",130000,140000,TZS per 100kg,"Bei ya bidhaa th  24  Juni  ,  ,2026 Imewekwa 24th Jun 2026",1,Dar es salaam,21
2026-06-24,Kagera,Bukoba,"1 00,000",140000,150000,TZS per 100kg,"Bei ya bidhaa th  24  Juni  ,  ,2026 Imewekwa 24th Jun 2026",1,Dar es salaam,21
2026-06-24,Kagera,Bukoba,"3 00,000",240000,280000,TZS per 100kg,"Bei ya bidhaa th  24  Juni  ,  ,2026 Imewekwa 24th Jun 2026",1,Dar es salaam,21
2026-06-24,Kagera,Bukoba,"1 60,000",180000,200000,TZS per 100kg,"Bei ya bidhaa th  24  Juni  ,  ,2026 Imewekwa 24th Jun 2026",1,Dar es salaam,21
2026-06-24,Kagera,Bukoba,"3 00,000",160000,210000,TZS per 100kg,"Bei ya bidhaa th  24  Juni  ,  ,2026 Imewekwa 24th Jun 2026",1,Dar es salaam,21
2026-06-24,Kagera,Bukoba,"1 00,000",80000,90000,TZS per 100kg,"Bei ya bidhaa th  24  Juni  ,  ,2026 Imewekwa 24th Jun 2026",1,Dar es salaam,21
2026-06-24,Katavi,Majengo,"1 00,000",80000,80000,TZS per 100kg,"Bei ya bidhaa th  24  Juni  ,  ,2026 Imewekwa 24th Jun 2026",1,Dar es salaam,22
2026-06-24,Katavi,Majengo,"2 20,000",250000,250000,TZS per 100kg,"Bei ya bidhaa th  24  Juni  ,  ,2026 Imewekwa 24th Jun 2026",1,Dar es salaam,22
2026-06-24,Katavi,Majengo,"1 20,000",70000,70000,TZS per 100kg,"Bei ya bidhaa th  24  Juni  ,  ,2026 Imewekwa 24th Jun 2026",1,Dar es salaam,22
2026-06-24,Katavi,Majengo,"3 00,000",300000,300000,TZS per 100kg,"Bei ya bidhaa th  24  Juni  ,  ,2026 Imewekwa 24th Jun 2026",1,Dar es salaam,22
2026-06-24,Katavi,Majengo,"1 60,000",300000,300000,TZS per 100kg,"Bei ya bidhaa th  24  Juni  ,  ,2026 Imewekwa 24th Jun 2026",1,Dar es salaam,22
2026-06-24,Katavi,Majengo,"3 00,000",300000,300000,TZS per 100kg,"Bei ya bidhaa th  24  Juni  ,  ,2026 Imewekwa 24th Jun 2026",1,Dar es salaam,22
2026-06-24,Katavi,Majengo,"1 00,000",150000,150000,TZS per 100kg,"Bei ya bidhaa th  24  Juni  ,  ,2026 Imewekwa 24th Jun 2026",1,Dar es salaam,22
2026-06-24,Mbeya,Igawilo/Soweto,"1 00,000",45000,55000,TZS per 100kg,"Bei ya bidhaa th  24  Juni  ,  ,2026 Imewekwa 24th Jun 2026",1,Dar es salaam,23
2026-06-24,Mbeya,Igawilo/Soweto,"2 20,000",160000,225000,TZS per 100kg,"Bei ya bidhaa th  24  Juni  ,  ,2026 Imewekwa 24th Jun 2026",1,Dar es salaam,23
2026-06-24,Mbeya,Igawilo/Soweto,"1 20,000",125000,140000,TZS per 100kg,"Bei ya bidhaa th  24  Juni  ,  ,2026 Imewekwa 24th Jun 2026",1,Dar es salaam,23
2026-06-24,Mbeya,Igawilo/Soweto,"1 00,000",250000,260000,TZS per 100kg,"Bei ya bidhaa th  24  Juni  ,  ,2026 Imewekwa 24th Jun 2026",1,Dar es salaam,23
2026-06-24,Mbeya,Igawilo/Soweto,"3 00,000",175000,225000,TZS per 100kg,"Bei ya bidhaa th  24  Juni  ,  ,2026 Imewekwa 24th Jun 2026",1,Dar es salaam,23
2026-06-24,Mbeya,Igawilo/Soweto,"1 60,000",160000,170000,TZS per 100kg,"Bei ya bidhaa th  24  Juni  ,  ,2026 Imewekwa 24th Jun 2026",1,Dar es salaam,23
2026-06-24,Mbeya,Igawilo/Soweto,"3 00,000",190000,250000,TZS per 100kg,"Bei ya bidhaa th  24  Juni  ,  ,2026 Imewekwa 24th Jun 2026",1,Dar es salaam,23
2026-06-24,Mbeya,Igawilo/Soweto,"1 00,000",100000,100000,TZS per 100kg,"Bei ya bidhaa th  24  Juni  ,  ,2026 Imewekwa 24th Jun 2026",1,Dar es salaam,23
2026-06-24,Ruvuma,Songea,"1 00,000",48000,52000,TZS per 100kg,"Bei ya bidhaa th  24  Juni  ,  ,2026 Imewekwa 24th Jun 2026",1,Dar es salaam,24
2026-06-24,Ruvuma,Songea,"2 20,000",165000,260000,TZS per 100kg,"Bei ya bidhaa th  24  Juni  ,  ,2026 Imewekwa 24th Jun 2026",1,Dar es salaam,24
2026-06-24,Ruvuma,Songea,"1 20,000",250000,250000,TZS per 100kg,"Bei ya bidhaa th  24  Juni  ,  ,2026 Imewekwa 24th Jun 2026",1,Dar es salaam,24
2026-06-24,Ruvuma,Songea,"1 00,000",400000,400000,TZS per 100kg,"Bei ya bidhaa th  24  Juni  ,  ,2026 Imewekwa 24th Jun 2026",1,Dar es salaam,24
2026-06-24,Ruvuma,Songea,"3 00,000",300000,300000,TZS per 100kg,"Bei ya bidhaa th  24  Juni  ,  ,2026 Imewekwa 24th Jun 2026",1,Dar es salaam,24
2026-06-24,Ruvuma,Songea,"1 60,000",22000,300000,TZS per 100kg,"Bei ya bidhaa th  24  Juni  ,  ,2026 Imewekwa 24th Jun 2026",1,Dar es salaam,24
2026-06-24,Ruvuma,Songea,"3 00,000",185000,240000,TZS per 100kg,"Bei ya bidhaa th  24  Juni  ,  ,2026 Imewekwa 24th Jun 2026",1,Dar es salaam,24
2026-06-24,Ruvuma,Songea,"1 00,000",66000,70000,TZS per 100kg,"Bei ya bidhaa th  24  Juni  ,  ,2026 Imewekwa 24th Jun 2026",1,Dar es salaam,24
2026-06-24,Shinyanga,Shinyanga,"1 00,000",70000,75000,TZS per 100kg,"Bei ya bidhaa th  24  Juni  ,  ,2026 Imewekwa 24th Jun 2026",1,Dar es salaam,25
2026-06-24,Shinyanga,Shinyanga,"2 20,000",190000,230000,TZS per 100kg,"Bei ya bidhaa th  24  Juni  ,  ,2026 Imewekwa 24th Jun 2026",1,Dar es salaam,25
2026-06-24,Shinyanga,Shinyanga,"1 20,000",140000,150000,TZS per 100kg,"Bei ya bidhaa th  24  Juni  ,  ,2026 Imewekwa 24th Jun 2026",1,Dar es salaam,25
2026-06-24,Shinyanga,Shinyanga,"1 00,000",100000,100000,TZS per 100kg,"Bei ya bidhaa th  24  Juni  ,  ,2026 Imewekwa 24th Jun 2026",1,Dar es salaam,25
2026-06-24,Shinyanga,Shinyanga,"3 00,000",240000,250000,TZS per 100kg,"Bei ya bidhaa th  24  Juni  ,  ,2026 Imewekwa 24th Jun 2026",1,Dar es salaam,25
2026-06-24,Shinyanga,Shinyanga,"1 60,000",200000,200000,TZS per 100kg,"Bei ya bidhaa th  24  Juni  ,  ,2026 Imewekwa 24th Jun 2026",1,Dar es salaam,25
2026-06-24,Shinyanga,Shinyanga,"3 00,000",200000,220000,TZS per 100kg,"Bei ya bidhaa th  24  Juni  ,  ,2026 Imewekwa 24th Jun 2026",1,Dar es salaam,25
2026-06-24,Shinyanga,Shinyanga,"1 00,000",80000,90000,TZS per 100kg,"Bei ya bidhaa th  24  Juni  ,  ,2026 Imewekwa 24th Jun 2026",1,Dar es salaam,25
2026-06-24,Mwanza,Mwanza,"1 00,000",75000,85000,TZS per 100kg,"Bei ya bidhaa th  24  Juni  ,  ,2026 Imewekwa 24th Jun 2026",1,Dar es salaam,26
2026-06-24,Mwanza,Mwanza,"2 20,000",145000,250000,TZS per 100kg,"Bei ya bidhaa th  24  Juni  ,  ,2026 Imewekwa 24th Jun 2026",1,Dar es salaam,26
2026-06-24,Mwanza,Mwanza,"1 20,000",120000,150000,TZS per 100kg,"Bei ya bidhaa th  24  Juni  ,  ,2026 Imewekwa 24th Jun 2026",1,Dar es salaam,26
2026-06-24,Mwanza,Mwanza,"1 00,000",100000,130000,TZS per 100kg,"Bei ya bidhaa th  24  Juni  ,  ,2026 Imewekwa 24th Jun 2026",1,Dar es salaam,26
2026-06-24,Mwanza,Mwanza,"3 00,000",250000,250000,TZS per 100kg,"Bei ya bidhaa th  24  Juni  ,  ,2026 Imewekwa 24th Jun 2026",1,Dar es salaam,26
2026-06-24,Mwanza,Mwanza,"1 60,000",200000,200000,TZS per 100kg,"Bei ya bidhaa th  24  Juni  ,  ,2026 Imewekwa 24th Jun 2026",1,Dar es salaam,26
2026-06-24,Mwanza,Mwanza,"3 00,000",225000,280000,TZS per 100kg,"Bei ya bidhaa th  24  Juni  ,  ,2026 Imewekwa 24th Jun 2026",1,Dar es salaam,26
2026-06-24,Mwanza,Mwanza,"1 00,000",95000,95000,TZS per 100kg,"Bei ya bidhaa th  24  Juni  ,  ,2026 Imewekwa 24th Jun 2026",1,Dar es salaam,26
2026-06-24,Pwani,Mnalani,"1 00,000",90000,90000,TZS per 100kg,"Bei ya bidhaa th  24  Juni  ,  ,2026 Imewekwa 24th Jun 2026",1,Dar es salaam,27
2026-06-24,Pwani,Mnalani,"2 20,000",200000,220000,TZS per 100kg,"Bei ya bidhaa th  24  Juni  ,  ,2026 Imewekwa 24th Jun 2026",1,Dar es salaam,27
2026-06-24,Pwani,Mnalani,"1 20,000",180000,200000,TZS per 100kg,"Bei ya bidhaa th  24  Juni  ,  ,2026 Imewekwa 24th Jun 2026",1,Dar es salaam,27
2026-06-24,Pwani,Mnalani,"1 00,000",180000,200000,TZS per 100kg,"Bei ya bidhaa th  24  Juni  ,  ,2026 Imewekwa 24th Jun 2026",1,Dar es salaam,27
2026-06-24,Pwani,Mnalani,"3 00,000",200000,230000,TZS per 100kg,"Bei ya bidhaa th  24  Juni  ,  ,2026 Imewekwa 24th Jun 2026",1,Dar es salaam,27
2026-06-24,Pwani,Mnalani,"1 60,000",230000,230000,TZS per 100kg,"Bei ya bidhaa th  24  Juni  ,  ,2026 Imewekwa 24th Jun 2026",1,Dar es salaam,27
2026-06-24,Pwani,Mnalani,"3 00,000",280000,300000,TZS per 100kg,"Bei ya bidhaa th  24  Juni  ,  ,2026 Imewekwa 24th Jun 2026",1,Dar es salaam,27
2026-06-24,Pwani,Mnalani,"1 00,000",140000,150000,TZS per 100kg,"Bei ya bidhaa th  24  Juni  ,  ,2026 Imewekwa 24th Jun 2026",1,Dar es salaam,27
2026-06-24,Simiyu,Bariadi TC,"1 00,000",78000,78000,TZS per 100kg,"Bei ya bidhaa th  24  Juni  ,  ,2026 Imewekwa 24th Jun 2026",1,Dar es salaam,28
2026-06-24,Simiyu,Bariadi TC,"2 20,000",180000,200000,TZS per 100kg,"Bei ya bidhaa th  24  Juni  ,  ,2026 Imewekwa 24th Jun 2026",1,Dar es salaam,28
2026-06-24,Simiyu,Bariadi TC,"1 20,000",200000,250000,TZS per 100kg,"Bei ya bidhaa th  24  Juni  ,  ,2026 Imewekwa 24th Jun 2026",1,Dar es salaam,28
2026-06-24,Simiyu,Bariadi TC,"1 00,000",200000,250000,TZS per 100kg,"Bei ya bidhaa th  24  Juni  ,  ,2026 Imewekwa 24th Jun 2026",1,Dar es salaam,28
2026-06-24,Simiyu,Bariadi TC,"3 00,000",280000,300000,TZS per 100kg,"Bei ya bidhaa th  24  Juni  ,  ,2026 Imewekwa 24th Jun 2026",1,Dar es salaam,28
2026-06-24,Simiyu,Bariadi TC,"1 60,000",250000,270000,TZS per 100kg,"Bei ya bidhaa th  24  Juni  ,  ,2026 Imewekwa 24th Jun 2026",1,Dar es salaam,28
2026-06-24,Simiyu,Bariadi TC,"3 00,000",280000,300000,TZS per 100kg,"Bei ya bidhaa th  24  Juni  ,  ,2026 Imewekwa 24th Jun 2026",1,Dar es salaam,28
2026-06-24,Simiyu,Bariadi TC,"1 00,000",140000,150000,TZS per 100kg,"Bei ya bidhaa th  24  Juni  ,  ,2026 Imewekwa 24th Jun 2026",1,Dar es salaam,28
2026-06-24,Kigoma,Kigoma,"1 00,000",65000,65000,TZS per 100kg,"Bei ya bidhaa th  24  Juni  ,  ,2026 Imewekwa 24th Jun 2026",1,Dar es salaam,29
2026-06-24,Kigoma,Kigoma,"2 20,000",220000,300000,TZS per 100kg,"Bei ya bidhaa th  24  Juni  ,  ,2026 Imewekwa 24th Jun 2026",1,Dar es salaam,29
2026-06-24,Kigoma,Kigoma,"1 20,000",150000,160000,TZS per 100kg,"Bei ya bidhaa th  24  Juni  ,  ,2026 Imewekwa 24th Jun 2026",1,Dar es salaam,29
2026-06-24,Kigoma,Kigoma,"1 00,000",150000,170000,TZS per 100kg,"Bei ya bidhaa th  24  Juni  ,  ,2026 Imewekwa 24th Jun 2026",1,Dar es salaam,29
2026-06-24,Kigoma,Kigoma,"3 00,000",200000,210000,TZS per 100kg,"Bei ya bidhaa th  24  Juni  ,  ,2026 Imewekwa 24th Jun 2026",1,Dar es salaam,29
2026-06-24,Kigoma,Kigoma,"1 60,000",200000,210000,TZS per 100kg,"Bei ya bidhaa th  24  Juni  ,  ,2026 Imewekwa 24th Jun 2026",1,Dar es salaam,29
2026-06-24,Kigoma,Kigoma,"3 00,000",200000,220000,TZS per 100kg,"Bei ya bidhaa th  24  Juni  ,  ,2026 Imewekwa 24th Jun 2026",1,Dar es salaam,29
2026-06-24,Kigoma,Kigoma,"1 00,000",95000,100000,TZS per 100kg,"Bei ya bidhaa th  24  Juni  ,  ,2026 Imewekwa 24th Jun 2026",1,Dar es salaam,29
2026-06-24,Njombe,Makambako,"1 00,000",55600,58300,TZS per 100kg,"Bei ya bidhaa th  24  Juni  ,  ,2026 Imewekwa 24th Jun 2026",1,Dar es salaam,30
2026-06-24,Njombe,Makambako,"2 20,000",225000,250000,TZS per 100kg,"Bei ya bidhaa th  24  Juni  ,  ,2026 Imewekwa 24th Jun 2026",1,Dar es salaam,30
2026-06-24,Njombe,Makambako,"1 20,000",80000,90000,TZS per 100kg,"Bei ya bidhaa th  24  Juni  ,  ,2026 Imewekwa 24th Jun 2026",1,Dar es salaam,30
2026-06-24,Njombe,Makambako,"3 00,000",150000,175000,TZS per 100kg,"Bei ya bidhaa th  24  Juni  ,  ,2026 Imewekwa 24th Jun 2026",1,Dar es salaam,30
2026-06-24,Njombe,Makambako,"1 60,000",110000,200000,TZS per 100kg,"Bei ya bidhaa th  24  Juni  ,  ,2026 Imewekwa 24th Jun 2026",1,Dar es salaam,30
2026-06-24,Njombe,Makambako,"3 00,000",200000,230000,TZS per 100kg,"Bei ya bidhaa th  24  Juni  ,  ,2026 Imewekwa 24th Jun 2026",1,Dar es salaam,30
2026-06-24,Njombe,Makambako,"1 00,000",100000,120000,TZS per 100kg,"Bei ya bidhaa th  24  Juni  ,  ,2026 Imewekwa 24th Jun 2026",1,Dar es salaam,30
2026-06-24,Rukwa,Sumbawangwa,"1 00,000",40000,60000,TZS per 100kg,"Bei ya bidhaa th  24  Juni  ,  ,2026 Imewekwa 24th Jun 2026",1,Dar es salaam,31
2026-06-24,Rukwa,Sumbawangwa,"2 20,000",170000,230000,TZS per 100kg,"Bei ya bidhaa th  24  Juni  ,  ,2026 Imewekwa 24th Jun 2026",1,Dar es salaam,31
2026-06-24,Rukwa,Sumbawangwa,"3 00,000",150000,170000,TZS per 100kg,"Bei ya bidhaa th  24  Juni  ,  ,2026 Imewekwa 24th Jun 2026",1,Dar es salaam,31
2026-06-24,Rukwa,Sumbawangwa,"1 60,000",100000,140000,TZS per 100kg,"Bei ya bidhaa th  24  Juni  ,  ,2026 Imewekwa 24th Jun 2026",1,Dar es salaam,31
2026-06-24,Rukwa,Sumbawangwa,"3 00,000",120000,150000,TZS per 100kg,"Bei ya bidhaa th  24  Juni  ,  ,2026 Imewekwa 24th Jun 2026",1,Dar es salaam,31
2026-06-24,Rukwa,Sumbawangwa,"1 00,000",75000,80000,TZS per 100kg,"Bei ya bidhaa th  24  Juni  ,  ,2026 Imewekwa 24th Jun 2026",1,Dar es salaam,31
